BUSINESS GROWTH & SEASONALITY ANALYSIS,,,,,,,,,,
"Comprehensive multi-year YoY trajectory, cyclical patterns, and monthly seasonality (2013–2023)",,,,,,,,,,
,,,,,,,,,,
ANNUAL YEAR-OVER-YEAR (YoY) FINANCIAL TRAJECTORY,,,,,,,,,,
Year,Revenue,Prior Year Revenue,YoY Revenue Delta ($),YoY Revenue Growth (%),Gross Profit,Prior Year Gross Profit,YoY Gross Profit Delta ($),YoY Gross Profit Growth (%),Gross Profit Margin (%),Performance Context
2013,"$7,782,163",-,-,-,"$2,933,932",-,-,-,+37.7%,Baseline Year
2014,"$7,753,872","$7,782,163","-$28,291",-0.4%,"$2,929,264","$2,933,932","-$4,668",-0.2%,+37.8%,Stable (-0.36%)
2015,"$7,853,503","$7,753,872","$99,631",+1.3%,"$2,963,825","$2,929,264","$34,561",+1.2%,+37.7%,Growth (+1.29%)
2016,"$7,971,310","$7,853,503","$117,807",+1.5%,"$3,026,307","$2,963,825","$62,482",+2.1%,+38.0%,Peak Year (+1.50%)
2017,"$7,862,502","$7,971,310","-$108,808",-1.4%,"$2,963,335","$3,026,307","-$62,972",-2.1%,+37.7%,Slight Pullback (-1.36%)
2018,"$7,595,956","$7,862,502","-$266,546",-3.4%,"$2,867,297","$2,963,335","-$96,038",-3.2%,+37.7%,Decline (-3.39%)
2019,"$7,865,723","$7,595,956","$269,767",+3.6%,"$2,980,984","$2,867,297","$113,687",+4.0%,+37.9%,Rebound (+3.55%)
2020,"$7,550,455","$7,865,723","-$315,268",-4.0%,"$2,870,185","$2,980,984","-$110,799",-3.7%,+38.0%,Trough Year (-4.01%)
2021,"$7,671,898","$7,550,455","$121,443",+1.6%,"$2,895,217","$2,870,185","$25,032",+0.9%,+37.7%,Recovery (+1.61%)
2022,"$7,592,783","$7,671,898","-$79,115",-1.0%,"$2,839,784","$2,895,217","-$55,433",-1.9%,+37.4%,Slight Contraction (-1.03%)
2023,"$7,798,033","$7,592,783","$205,250",+2.7%,"$2,959,821","$2,839,784","$120,037",+4.2%,+38.0%,Strong Expansion (+2.70%)
11-Year Total / 2013–2023 Net Change,"$85,298,198",-,"$15,870",+0.2%,"$32,229,951",-,"$25,889",+0.9%,+37.8%,Cumulative Total / Period Net Change
,,,,,,,,,,
Key Growth Insights:,,,,,,,,,,
"• Annual revenue remained relatively stable between $7.55M and $7.97M across the observed period.",,,,,,,,,,
"• The sharpest contraction occurred in 2020 (-4.01% revenue, -3.72% gross profit), followed by a partial recovery in 2021, a slight contraction in 2022, and stronger growth in 2023 (+2.70% revenue).",,,,,,,,,,
"• Gross profit margin remained within a narrow 37.4%–38.0% range across the 11 years.",,,,,,,,,,
,,,,,,,,,,
MONTHLY SEASONALITY & REVENUE DISTRIBUTION (AGGREGATE 2013–2023),,,,,,,,,,
Month,Revenue ($),% of Total Sales,MoM Delta ($),MoM Growth (%),Demand Cycle Phase,Observed Pattern / Analytical Note,,,,
January,"$7,009,758",8.2%,"-$2,087,312",-22.9%,Post-December Reset,Aggregate revenue is 22.9% below December,,,,
February,"$6,834,583",8.0%,"-$175,175",-2.5%,Early-Year Low,Aggregate revenue declines a further 2.5% from January,,,,
March,"$7,351,357",8.6%,"+$516,774",+7.6%,Recovery,Aggregate revenue increases 7.6% from February,,,,
April,"$7,602,764",8.9%,"+$251,407",+3.4%,Continued Growth,Aggregate revenue increases 3.4% from March,,,,
May,"$8,840,209",10.4%,"+$1,237,445",+16.3%,Strong Growth,Aggregate revenue increases 16.3% from April,,,,
June,"$9,044,483",10.6%,"+$204,274",+2.3%,Mid-Year Peak ($9.04M),One of the two highest aggregate-revenue months,,,,
July,"$5,722,784",6.7%,"-$3,321,699",-36.7%,Sharp Decline,Aggregate revenue declines 36.7% from June,,,,
August,"$5,711,193",6.7%,"-$11,591",-0.2%,Lowest Aggregate Month ($5.71M),Lowest aggregate-revenue month in the dataset,,,,
September,"$5,842,332",6.8%,"+$131,139",+2.3%,Stabilization,Aggregate revenue increases 2.3% from August,,,,
October,"$5,995,681",7.0%,"+$153,349",+2.6%,Gradual Recovery,Aggregate revenue increases 2.6% from September,,,,
November,"$6,245,984",7.3%,"+$250,303",+4.2%,Continued Recovery,Aggregate revenue increases 4.2% from October,,,,
December,"$9,097,070",10.7%,"+$2,851,086",+45.6%,Highest Aggregate Month ($9.10M),Highest aggregate-revenue month in the dataset,,,,
Total / Period,"$85,298,198",100.0%,-,-,Full 12-Month Aggregate,Aggregate 2013–2023 monthly revenue total,,,,
,,,,,,,,,,
Seasonality Findings & Strategic Implications:,,,,,,,,,,
"• Two-Peak Pattern: Aggregate revenue peaks in June ($9.04M) and December ($9.10M).",,,,,,,,,,
"• Mid-Year Decline: Revenue falls from the June peak to July ($5.72M, -36.7%) and August ($5.71M, -36.9% versus June). The dataset establishes the pattern but not its external cause.",,,,,,,,,,
"• Testable Action: Consider piloting targeted promotions during lower-demand months and measure their effect on revenue, quantity sold, and gross profit margin before wider implementation.",,,,,,,,,,